Exchange,Type,June Total Visits,Month Change,Country 1,Traffic Share 1,Country 2,Traffic Share 2,Country 3,Traffic Share 3,Country 4,Traffic Share 4,Country 5,Traffic Share 5
Binance,CEX,37.88M,-0.73%,Republic of Korea,9.31%,India,7.32%,Brazil,5.84%,Ukraine,5.30%,Turkey,4.71%
Coinbase,CEX,21.13M,-0.85%,United States,67.30%,United Kingdom,5.36%,Germany,2.74%,France,2.24%,Canada,2.21%
Upbit,CEX,4.947M,-12.46%,Republic of Korea,96.60%,Indonesia,0.56%,Turkey,0.52%,United States,0.45%,Norway,0.26%
OKX,CEX,25.25M,13.41%,Japan,14.35%,United States,8.13%,Philippines,5.35%,Republic of Korea,4.94%,Vietnam,4.35%
Bybit,CEX,10.81M,-8.99%,Russia,28.64%,Republic of Korea,9.66%,Ukraine,6.23%,United States,3.23%,Belarus,2.91%
Kraken,CEX,6.763M,-0.69%,United States,33.06%,United Kingdom,10.53%,Canada,6.59%,France,6.24%,Germany,5.75%
MEXC,CEX,18.01M,-0.85%,United States,8.01%,India,6.39%,Singapore,6.29%,Philippines,6.27%,Uzbekistan,3.60%
Bitget,CEX,8.861M,-5.16%,Argentina,12.17%,Republic of Korea,6.48%,Japan,5.58%,Turkey,5.21%,India,4.57%
Gate,CEX,10.90M,-13.82%,United States,11.28%,Philippines,7.40%,Turkey,5.46%,Singapore,5.39%,Republic of Korea,4.53%
HTX,CEX,2.127M,-50.90%,Russia,21.70%,Hong Kong,6.48%,Ukraine,5.57%,India,4.61%,Brazil,4.33%
Crypto.com,CEX,2.996M,-3.72%,United States,46.81%,Canada,7.23%,United Kingdom,5.17%,Germany,3.57%,France,2.64%
Bitfinex,CEX,"539,137",11.06%,Spain,11.83%,Republic of Korea,11.54%,Taiwan,7.18%,Brazil,4.06%,Thailand,3.95%
Bithumb,CEX,4.192M,-6.80%,Republic of Korea,97.57%,United States,0.84%,Hong Kong,0.34%,Malaysia,0.14%,United Kingdom,0.13%
Gemini,CEX,2.376M,-4.90%,United States,46.40%,India,4.35%,Indonesia,2.73%,Canada,1.58%,Turkey,1.56%
CoinDCX,CEX,1.502M,-3.54%,India,82.43%,United States,4.55%,Indonesia,1.18%,Australia,1.09%,Norway,0.79%
Bitstamp,CEX,"513,947",4.13%,United States,21.98%,New Zealand,8.51%,Belgium,5.72%,Spain,4.71%,Germany,3.81%
KuCoin,CEX,15.09M,1.16%,Philippines,9.01%,India,8.49%,Turkey,6.25%,United States,5.73%,Singapore,4.65%
BingX,CEX,17.04M,-35.33%,Thailand,28.20%,Kazakhstan,12.64%,Australia,12.26%,Vietnam,9.82%,Ukraine,6.12%
BitMart,CEX,10.95M,0.42%,United States,11.15%,Philippines,10.83%,Turkey,9.85%,Taiwan,7.38%,Singapore,3.78%
LBank,CEX,12.98M,-4.72%,Philippines,12.72%,Turkey,7.43%,Argentina,5.57%,Singapore,3.96%,United States,3.86%
Bullish,CEX,"75,776",-17.83%,United States,17.07%,Republic of Korea,5.91%,Nigeria,5.72%,Canada,5.40%,United Kingdom,5.16%
Phemex,CEX,"753,391",-63.06%,Germany,21.58%,United States,19.77%,Netherlands,3.42%,Thailand,3.21%,Austria,3.07%
Bitvavo,CEX,2.215M,-13.76%,Netherlands,70.46%,Germany,9.88%,France,5.63%,Belgium,4.21%,Spain,2.82%
WazirX,CEX,"447,287",11.60%,India,82.81%,United States,3.09%,Canada,1.36%,Australia,0.89%,Nigeria,0.75%
CoinSwitch,CEX,1.296M,39.46%,India,77.42%,United States,11.78%,Canada,0.95%,Nigeria,0.79%,Pakistan,0.58%