Exchange,Type,April Total Visits,Month Change,Country 1,Traffic Share 1,Country 2,Traffic Share 2,Country 3,Traffic Share 3,Country 4,Traffic Share 4,Country 5,Traffic Share 5
Binance,CEX,38.22M,-9.47%,Republic of Korea,7.79%,India,7.07%,Turkey,6.28%,Brazil,6.22%,Ukraine,5.42%
Coinbase,CEX,22.40M,-8.26%,United States,69.68%,United Kingdom,5.05%,Germany,2.50%,Canada,2.25%,France,2.19%
Upbit,CEX,5.741M,-14.61%,Republic of Korea,97.17%,Indonesia,0.89%,Australia,0.23%,United States,0.22%,Vietnam,0.22%
OKX,CEX,22.93M,-5.26%,Brazil,6.82%,Turkey,6.39%,Japan,6.37%,United States,6.17%,Vietnam,5.68%
Bybit,CEX,11.41M,-10.53%,Russia,32.14%,Republic of Korea,8.93%,Ukraine,6.00%,Turkey,2.97%,Belarus,2.86%
Kraken,CEX,6.494M,-5.67%,United States,36.16%,United Kingdom,12.59%,Canada,6.17%,France,5.71%,Germany,4.36%
MEXC,CEX,14.62M,-60.71%,Vietnam,18.14%,Algeria,10.64%,India,9.13%,Japan,4.39%,Pakistan,3.87%
Bitget,CEX,9.876M,-47.60%,India,9.07%,Republic of Korea,7.34%,Germany,5.70%,Russia,5.61%,Indonesia,3.95%
Gate,CEX,13.69M,-0.80%,United States,13.04%,Republic of Korea,6.33%,Philippines,4.53%,Vietnam,3.64%,Turkey,3.44%
HTX,CEX,1.694M,-22.54%,Russia,24.69%,Brazil,7.40%,Ukraine,6.22%,India,4.48%,Thailand,3.75%
Crypto.com,CEX,3.134M,-8.51%,United States,47.78%,United Kingdom,5.35%,Canada,4.69%,Germany,3.32%,France,2.53%
Bitfinex,CEX,"498,702",-18.85%,Taiwan,11.92%,Republic of Korea,10.42%,Brazil,5.50%,United States,4.31%,Thailand,4.24%
Bithumb,CEX,4.253M,-14.91%,Republic of Korea,98.21%,United States,0.35%,Vietnam,0.27%,Indonesia,0.20%,Turkey,0.13%
Gemini,CEX,2.535M,-3.97%,United States,46.79%,India,4.27%,United Kingdom,2.87%,Indonesia,2.30%,Republic of Korea,1.90%
CoinDCX,CEX,1.476M,-3.69%,India,78.56%,United States,4.76%,Indonesia,2.11%,Saudi Arabia,1.33%,United Kingdom,1.19%
Bitstamp,CEX,"517,127",-24.75%,United States,25.19%,New Zealand,12.86%,Spain,3.81%,France,3.13%,United Kingdom,3.09%
KuCoin,CEX,16.11M,2.65%,United States,7.39%,Philippines,6.95%,Singapore,5.06%,India,4.48%,Azerbaijan,4.34%
BingX,CEX,16.84M,102.91%,Turkey,18.31%,Australia,14.39%,Argentina,12.77%,Kazakhstan,7.77%,Ukraine,4.20%
BitMart,CEX,11.42M,-8.74%,United States,14.51%,Philippines,7.00%,Turkey,5.45%,Taiwan,5.25%,Republic of Korea,5.10%
LBank,CEX,12.66M,2.39%,Philippines,10.13%,Azerbaijan,7.03%,United States,5.28%,Senegal,4.60%,Republic of Korea,4.13%
Bullish,CEX,"78,592",-9.82%,United States,11.09%,India,5.76%,Republic of Korea,5.27%,Australia,4.66%,Canada,4.29%
Phemex,CEX,8.291M,-41.78%,Russia,11.02%,Philippines,9.08%,Germany,6.52%,Republic of Korea,5.66%,India,5.62%
Bitvavo,CEX,2.126M,-13.98%,Netherlands,71.71%,Germany,9.50%,Belgium,3.49%,Spain,2.79%,France,2.60%